title,slug,wordCount,headingCount,hasImages,linkCount,hasToolkit,hasSeoTitle,hasSeoDescription,serviceCategories,emergentDimensions
2×2 Scenario Matrix,2x2-scenario-matrix,2229,28,true,12,true,true,true,purpose-direction,embedded-strategy
4 Stages of Psychological Safety,4-stages-of-psychological-safety,2276,14,true,5,true,true,true,people-capability|purpose-direction|structure-operations,enacted-culture|generative-capacity
5 Conflict Styles,5-conflict-styles,2248,35,true,5,true,true,true,people-capability|purpose-direction,enacted-culture|generative-capacity
5 Whys,5-whys,3078,31,true,10,true,true,true,purpose-direction|structure-operations,momentum-through-work
5D’s of Appreciative Inquiry,5ds-of-appreciative-inquiry,1607,14,true,6,true,true,true,people-capability|purpose-direction|structure-operations,tuned-to-change|enacted-culture
6 Team Conditions,6-team-conditions-for-team-effectiveness,1132,11,true,9,false,true,true,people-capability,generative-capacity
8 Wastes of Lean,8-wastes-of-lean,2320,15,true,11,true,true,true,structure-operations,momentum-through-work
ADKAR Model,adkar-model,2555,19,true,22,true,true,true,people-capability|structure-operations,tuned-to-change
Audience Personas,audience-personas,1952,13,true,10,false,true,true,service-experience,evolving-service
BPM Lifecycle,bpm-lifecycle,1714,12,true,9,true,true,true,structure-operations,momentum-through-work
Belbin's Team Roles,belbins-team-roles,2096,43,true,4,true,true,true,people-capability,generative-capacity
Bridges Transition Model,bridges-transition-model,1475,10,true,5,true,true,true,people-capability|purpose-direction|structure-operations,tuned-to-change
Burke-Litwin Change Model,burke-litwin-change-model,2460,20,true,5,true,true,true,people-capability|structure-operations,tuned-to-change|embedded-strategy
CEDAR™ Feedback Model,cedar-feedback-model,1326,11,true,5,true,true,true,people-capability,generative-capacity|narrative-connections
Change Curve,change-curve,1767,20,true,7,true,true,true,people-capability|purpose-direction|structure-operations,tuned-to-change
Competing Values Framework,competing-values-framework,1483,27,true,6,true,true,true,purpose-direction,enacted-culture|embedded-strategy
Contextual inquiry,contextual-inquiry,3115,19,true,10,true,true,true,service-experience,evolving-service
Cultural Web,cultural-web,1940,32,true,6,true,true,true,purpose-direction|structure-operations,enacted-culture
Cynefin Framework,cynefin-framework,1334,23,true,8,true,true,true,people-capability|structure-operations,embedded-strategy|tuned-to-change
DACI Framework,daci-framework,2330,10,true,6,false,true,true,people-capability|structure-operations,embedded-strategy|momentum-through-work
DMAIC Process,dmaic,1527,21,true,7,true,true,true,structure-operations,momentum-through-work
DiSC Styles,disc-styles,1698,10,true,8,false,true,true,people-capability,generative-capacity
Edgar Schein's Culture Model,edgar-scheins-culture-model,1235,9,true,10,true,true,true,purpose-direction|structure-operations,enacted-culture
Eisenhower Matrix,eisenhower-matrix,1297,13,true,2,true,true,true,people-capability|structure-operations,momentum-through-work
Empathy map,empathy-map,2609,17,true,11,false,true,true,service-experience,evolving-service
Five Dysfunctions of a Team,five-dysfunctions-of-a-team,1682,21,true,9,true,true,true,people-capability,generative-capacity
Galbraith Star Model,galbraith-star-model,1730,14,true,12,false,true,true,purpose-direction|structure-operations,embedded-strategy
Gemba Walk,gemba-walk,2240,20,true,5,true,true,true,structure-operations,momentum-through-work
Heart of Business,heart-of-business,1497,10,true,8,true,true,true,purpose-direction,resonant-purpose
Iceberg Model,iceberg-model,2143,12,true,5,true,true,true,purpose-direction|structure-operations,enacted-culture|embedded-strategy|tuned-to-change
Kaizen Cycle,kaizen-cycle,1961,15,true,6,true,true,true,structure-operations,momentum-through-work
Kotter's 8 Step Change Model,kotters-8-step-change-model,3363,23,true,12,true,true,true,people-capability|structure-operations,tuned-to-change
Lewin's Change Model,lewins-change-model,1263,8,true,6,true,true,true,people-capability|purpose-direction|structure-operations,tuned-to-change
LogFrame (Logical Framework),logframe-logical-framework,3445,20,true,11,true,true,true,purpose-direction,resonant-purpose|embedded-strategy
McKinsey 7-S Model,mckinsey-7-s-model,1775,15,true,9,true,true,true,people-capability|purpose-direction,embedded-strategy|enacted-culture
Mendelow power-interest matrix,mendelow-power-interest-matrix,2454,10,true,8,false,true,true,people-capability,tuned-to-change|embedded-strategy
Narrative Strategy,narrative-strategy,3389,35,true,8,false,true,true,people-capability,narrative-connections|resonant-purpose
Nonprofit Business Model Canvas,nonprofit-business-model-canvas,5104,26,true,32,true,true,true,purpose-direction,resonant-purpose|embedded-strategy
OODA Loop,ooda-loop,1686,11,true,6,true,true,true,purpose-direction|structure-operations,embedded-strategy|momentum-through-work
ORCA,orca,1186,9,false,6,true,true,true,people-capability|structure-operations,tuned-to-change
Organisational Maturity Model,organisational-maturity-model,4079,24,true,3,true,true,true,structure-operations,embedded-strategy|generative-capacity
PDCA Cycle,pdca-cycle,2016,11,true,8,true,true,true,structure-operations,momentum-through-work
PESTLE Analysis,pestle-analysis,2080,36,true,15,true,true,true,purpose-direction|structure-operations,embedded-strategy
POLISM Canvas,polism-canvas,2840,14,true,6,false,true,true,purpose-direction|structure-operations,embedded-strategy|evolving-service
Problem Statement,problem-statement,1497,18,true,9,true,true,true,purpose-direction|structure-operations,momentum-through-work|evolving-service
Process Mapping,process-mapping,1884,40,true,12,false,true,true,structure-operations,momentum-through-work|evolving-service
Project Aristotle for Effective Teams,project-aristotle-effective-teams,833,11,true,9,true,true,true,people-capability,generative-capacity
Project Oxygen,project-oxygen,1390,15,false,4,true,true,true,people-capability,generative-capacity
RASCI Framework,rasci-framework,2362,12,true,3,true,true,true,people-capability|structure-operations,embedded-strategy|momentum-through-work
Satir Change Model,satir-change-model,1535,12,true,6,true,true,true,people-capability|purpose-direction,tuned-to-change
Service blueprints,service-blueprints,2353,15,true,19,true,true,true,structure-operations|service-experience,evolving-service
Six Thinking Hats,six-thinking-hats,1477,13,true,3,true,true,true,people-capability|purpose-direction|structure-operations,generative-capacity|embedded-strategy
T7 Model for Teams,t7-model-for-teams,1714,32,false,6,true,true,true,people-capability,generative-capacity
TESI model,tesi-model,1217,14,true,6,true,true,true,people-capability|purpose-direction|structure-operations,generative-capacity
The Hero's Journey,the-heros-journey,3143,22,true,10,true,true,true,people-capability,narrative-connections|resonant-purpose
The STAR Method,the-star-method,2331,14,true,10,true,true,true,people-capability,narrative-connections|generative-capacity
Theory of Change,theory-of-change,6471,68,true,6,true,true,true,purpose-direction,resonant-purpose|embedded-strategy
VUCA Prime,vuca-prime,1263,19,true,6,true,true,true,structure-operations,tuned-to-change|embedded-strategy
Wicked Problems,wicked-problems,2790,32,true,11,true,true,true,service-experience,embedded-strategy
